{"stats":{"minecraft:broken":{"cte_essentials:plate_0_helmet":1,"minecraft:stone_pickaxe":1,"cte_essentials:leather_0_helmet":2,"cte_essentials:leather_0_chestplate":1,"cte_essentials:leather_0_boots":1},"minecraft:used":{"minecraft:zombie_spawn_egg":1,"lootr:trophy":2,"roe_weapons:greatsword_5":7,"minecraft:skeleton_spawn_egg":1,"roe_weapons:crossbow_4":7,"minecraft:spruce_boat":2,"minecraft:crimson_roots":1,"minecraft:stone_bricks":4,"minecraft:oak_sapling":1,"minecraft:stone_pickaxe":128,"minecraft:prismarine":1,"minecraft:oak_planks":13,"minecraft:wooden_pickaxe":13,"minecraft:yellow_terracotta":1,"botania:fertilizer":5,"biomeswevegone:peat":1,"minecraft:bread":2,"biomeswevegone:allium_oddion_soup":1,"minecraft:gravel":1,"minecraft:diamond_sword":33,"minecraft:chain":2,"minecraft:oak_boat":2,"minecraft:coarse_dirt":1,"minecraft:armor_stand":1,"minecraft:spruce_planks":5,"crabbersdelight:crab":1,"botania:green_mystical_flower":1,"minecraft:torch":42,"minecraft:dirt":38,"minecraft:spyglass":10,"minecraft:wooden_axe":11,"minecraft:dark_oak_planks":4,"roe_weapons:gauntlet_1":116,"roe_weapons:bow_2":5,"biomeswevegone:foragers_table":1,"minecraft:barrel":1,"projectvibrantjourneys:cattail":1,"minecraft:mossy_stone_brick_wall":2,"botania:lime_mystical_flower":2,"alexsmobs:cooked_catfish":1,"minecraft:cherry_planks":3,"minecraft:crafting_table":8,"minecraft:white_bed":3,"mmorpg:salvaging_station":1,"minecraft:iron_pickaxe":51,"minecraft:spruce_sapling":2,"minecraft:stone_axe":12,"minecraft:cobblestone":4,"minecraft:potion":1,"minecraft:white_banner":1,"minecraft:pumpkin_pie":4,"minecraft:wither_rose":2},"minecraft:killed_by":{"born_in_chaos_v1:zombie_bruiser":1,"born_in_chaos_v1:corpse_fly":1,"minecraft:drowned":1,"minecraft:silverfish":3},"minecraft:killed":{"born_in_chaos_v1:zombie_clown":1,"born_in_chaos_v1:zombie_lumberjack":2,"minecraft:spider":4,"minecraft:skeleton":8,"monsterplus:glow_skeleton":1,"minecraft:silverfish":1,"crabbersdelight:crab":1,"alexsmobs:skelewag":1,"minecraft:zombie_villager":2,"minecraft:pillager":11,"minecraft:zombie":18,"born_in_chaos_v1:corpse_fly":11,"illagerinvasion:sorcerer":1,"minecraft:stray":2,"alexsmobs:fly":2,"born_in_chaos_v1:missioner":1,"minecraft:vindicator":2,"born_in_chaos_v1:zombie_bruiser":1,"born_in_chaos_v1:maggot":13,"minecraft:drowned":5,"born_in_chaos_v1:corpse_fish":3,"born_in_chaos_v1:baby_skeleton":2,"born_in_chaos_v1:swarmer":1,"born_in_chaos_v1:decrepit_skeleton":6,"born_in_chaos_v1:bloody_gadfly":1,"born_in_chaos_v1:decaying_zombie":1,"monsterplus:overgrown_skeleton":3},"minecraft:crafted":{"minecraft:oak_planks":7,"blue_skies:blue_journal":3,"minecraft:crafting_table":3,"minecraft:spruce_planks":6,"minecraft:wooden_pickaxe":1,"minecraft:gold_block":4,"minecraft:stick":16,"minecraft:iron_pickaxe":1,"minecraft:cherry_planks":1,"biomeswevegone:foragers_table":1,"minecraft:stone_pickaxe":1,"minecraft:spruce_boat":1,"minecraft:dark_oak_planks":1,"sophisticatedbackpacks:iron_backpack":1,"botania:lexicon":1,"sophisticatedbackpacks:gold_backpack":1,"minecraft:stone_axe":1,"minecraft:bread":2,"minecraft:air":102,"minecraft:oak_boat":1,"minecraft:wooden_axe":1,"mmorpg:salvaging_station":1,"minecraft:torch":13},"minecraft:dropped":{"mmorpg:currency/level_up_orb":12,"roe_weapons:dagger_1":1,"mmorpg:skill_gems/support/str":1,"mmorpg:stone/0":68,"botania:orange_mushroom":1,"botania:red_mystical_flower":3,"roe_weapons:totem_1":1,"mmorpg:stone/1":9,"mmorpg:material/meat/1":1,"minecraft:cod":5,"mmorpg:material/mining/2":1,"blue_skies:blue_journal":2,"botania:green_mystical_flower":4,"botania:light_blue_mushroom":1,"roe_weapons:crossbow_5":1,"roe_weapons:shield_2":1,"botania:white_mystical_flower":14,"minecraft:bone":2,"botania:brown_mystical_flower":2,"aquaculture:perch":1,"roe_weapons:sword_2":1,"roe_weapons:sword_0":3,"botania:purple_mystical_flower":2,"roe_weapons:greatsword_0":1,"botania:brown_mushroom":1,"roe_weapons:axe_1":1,"mmorpg:material/farming/0":2,"minecraft:waxed_copper_block":5,"minecraft:salmon":2,"mmorpg:currency/orb_of_relief":1,"supplementaries:ash":1,"roe_weapons:gauntlet_1":1,"mmorpg:currency/socket_adder":1,"mmorpg:gems/garnet/0":1,"minecraft:ladder":3,"aquaculture:red_shrooma":1,"mmorpg:stone/2":2,"botania:lime_mushroom":1,"minecraft:iron_ingot":8,"botania:yellow_mystical_flower":1,"minecraft:wheat_seeds":1,"aquaculture:pollock":1,"botania:orange_mystical_flower":2,"minecraft:iron_helmet":1,"minecraft:feather":8,"minecraft:cobblestone":9,"mmorpg:skill_gems/aura/int":1,"mmorpg:skill_gems/aura/dex":1,"mmorpg:jewel/int":1,"minecraft:tropical_fish":1,"minecraft:stick":3,"blue_skies:charscale_moki":2,"mmorpg:currency/affix_common_reroll":6,"minecraft:torch":12,"minecraft:wooden_axe":1,"botania:green_mushroom":1,"minecraft:string":1,"minecraft:lily_pad":6,"roe_weapons:greatsword_5":1,"mmorpg:material/fishing/0":1,"mmorpg:currency/upgrade_common_affix":1,"minecraft:clay_ball":4,"mmorpg:material/mining/0":1,"mmorpg:jewelry/necklace/iron":1,"cte_essentials:cloth_1_chestplate":1,"betterarcheology:torrent_totem":1,"botania:pink_mushroom":1,"mmorpg:currency/orb_of_quality":5,"mmorpg:material/mining/1":1,"botania:cyan_mystical_flower":1,"botania:green_double_flower":1,"botania:lexicon":1,"botania:yellow_mushroom":3,"mmorpg:currency/affix_tier_up_down":5,"born_in_chaos_v1:charmof_resistance":1,"roe_weapons:shield_0":1,"minecraft:wooden_pickaxe":1,"botania:lime_mystical_flower":1,"botania:magenta_mystical_flower":1},"minecraft:mined":{"minecraft:spruce_planks":2,"minecraft:white_bed":3,"botania:red_mystical_flower":8,"minecraft:jungle_leaves":2,"botania:light_blue_mushroom":1,"minecraft:grass_block":21,"botania:light_gray_mystical_flower":6,"botania:purple_mystical_flower":3,"minecraft:iron_ore":12,"minecraft:barrel":1,"botania:green_mushroom":1,"chococraft:gysahl_green":2,"blue_skies:spider_webbing":2,"minecraft:dirt_path":1,"minecraft:small_amethyst_bud":1,"illagerinvasion:magic_fire":13,"botania:brown_mystical_flower":10,"botania:light_blue_mystical_flower":15,"botania:green_mystical_flower":13,"projectvibrantjourneys:cattail":3,"botania:orange_mystical_flower":8,"minecraft:amethyst_cluster":3,"minecraft:clay":1,"minecraft:torch":2,"botania:green_double_flower":1,"biomeswevegone:peat":1,"minecraft:melon":2,"botania:brown_mushroom":1,"botania:blue_mystical_flower":8,"minecraft:prismarine":1,"minecraft:oak_planks":8,"minecraft:wall_torch":1,"botania:black_mystical_flower":1,"minecraft:seagrass":1,"minecraft:chain":3,"lootr:trophy":1,"minecraft:mossy_stone_brick_wall":2,"minecraft:wither_rose":1,"minecraft:grass":8,"minecraft:oak_log":7,"projectvibrantjourneys:short_grass":22,"botania:gray_double_flower":1,"minecraft:dirt":19,"biomeswevegone:foragers_table":1,"minecraft:oak_leaves":25,"minecraft:deepslate":1,"minecraft:yellow_terracotta":1,"minecraft:dark_oak_leaves":24,"minecraft:dark_oak_log":1,"projectvibrantjourneys:rocks":1,"minecraft:ladder":3,"botania:orange_mushroom":1,"minecraft:spruce_leaves":13,"minecraft:spore_blossom":1,"minecraft:large_fern":1,"minecraft:hay_block":33,"botania:magenta_mystical_flower":2,"biomeswevegone:fairy_slipper":1,"minecraft:gold_block":1,"minecraft:bell":1,"minecraft:deepslate_iron_ore":1,"botania:yellow_mushroom":3,"minecraft:stone":30,"botania:light_blue_double_flower":1,"minecraft:podzol":2,"botania:lime_mystical_flower":14,"botania:lime_mushroom":1,"minecraft:crafting_table":6,"botania:pink_mushroom":1,"minecraft:campfire":1,"minecraft:copper_ore":18,"minecraft:lily_pad":6,"botania:pink_mystical_flower":1,"botania:cyan_mystical_flower":1,"minecraft:coarse_dirt":1,"minecraft:sweet_berry_bush":1,"minecraft:spruce_log":6,"minecraft:birch_leaves":4,"botania:yellow_mystical_flower":1,"botania:white_mystical_flower":8,"minecraft:coal_ore":80,"minecraft:gravel":1,"botania:gray_mystical_flower":2,"minecraft:cobweb":2,"minecraft:stone_bricks":1,"minecraft:fern":8},"minecraft:picked_up":{"illagerinvasion:platinum_chunk":5,"minecraft:wither_rose":2,"minecraft:potion":1,"botania:light_blue_mushroom":1,"cte_essentials:plate_0_helmet":1,"minecraft:string":4,"minecraft:raw_copper":70,"minecraft:armor_stand":1,"minecraft:cobbled_deepslate":1,"minecraft:spruce_planks":3,"born_in_chaos_v1:stimulating_decoction":1,"minecraft:melon_slice":5,"minecraft:tipped_arrow":2,"botania:lexicon":1,"minecraft:stick":19,"born_in_chaos_v1:shattered_skull":1,"biomeswevegone:foragers_table":1,"minecraft:acacia_log":1,"minecraft:torch":2,"botania:yellow_mystical_flower":1,"minecraft:cherry_log":1,"minecraft:vine":2,"botania:white_mystical_flower":14,"minecraft:rotten_flesh":31,"minecraft:tropical_fish":1,"projectvibrantjourneys:cattail":3,"supplementaries:ash":1,"minecraft:cod":5,"minecraft:cobblestone":30,"minecraft:feather":8,"minecraft:potato":1,"biomeswevegone:peat":1,"roe_weapons:greatsword_5":6,"biomeswevegone:shelf_fungi":1,"minecraft:dirt":41,"lootr:trophy":1,"aquaculture:red_shrooma":1,"minecraft:bone":24,"botania:cyan_mystical_flower":1,"minecraft:wheat_seeds":6,"botania:purple_mystical_flower":2,"minecraft:bell":1,"blue_skies:charscale_moki":1,"minecraft:honeycomb":2,"minecraft:prismarine":1,"minecraft:oak_planks":8,"botania:red_mystical_flower":3,"crabbersdelight:crab":1,"biomeswevegone:fairy_slipper":1,"minecraft:spectral_arrow":2,"minecraft:dark_oak_log":1,"minecraft:barrel":1,"mmorpg:jewel/int":1,"mmorpg:gems/garnet/0":1,"roe_weapons:crossbow_4":4,"minecraft:spruce_boat":1,"minecraft:soul_lantern":1,"botania:orange_mushroom":1,"minecraft:emerald":5,"minecraft:oak_sapling":1,"born_in_chaos_v1:rotten_fish":6,"botania:brown_mushroom":1,"minecraft:crimson_roots":1,"minecraft:coarse_dirt":1,"minecraft:crafting_table":6,"minecraft:ladder":3,"minecraft:clay_ball":16,"born_in_chaos_v1:charmof_resistance":2,"minecraft:chain":2,"illagerinvasion:unusual_dust":1,"roe_weapons:bow_2":10,"botania:magenta_mystical_flower":1,"minecraft:oak_boat":1,"minecraft:iron_nugget":3,"minecraft:dark_oak_sapling":1,"mmorpg:material/mining/0":15,"minecraft:raw_iron":13,"botania:green_mushroom":1,"aquaculture:perch":1,"botania:pink_mushroom":1,"born_in_chaos_v1:pieceofdarkmetal":7,"minecraft:redstone":7,"roe_weapons:sword_2":2,"minecraft:arrow":33,"botania:lime_mystical_flower":3,"minecraft:hay_block":31,"minecraft:yellow_terracotta":1,"minecraft:gold_ingot":2,"botania:green_mystical_flower":5,"minecraft:glow_berries":4,"minecraft:skeleton_skull":1,"seadwellers:cavern_loot_crate":15,"born_in_chaos_v1:corpse_maggot":27,"betterarcheology:torrent_totem":1,"minecraft:air":0,"minecraft:glow_ink_sac":6,"minecraft:salmon":2,"cte_essentials:cloth_1_chestplate":1,"doggytalents:rice_grains":2,"minecraft:birch_planks":6,"waystones:sandy_waystone":1,"botania:green_double_flower":1,"minecraft:oak_log":7,"minecraft:lily_pad":18,"seadwellers:depth_nugget":3,"minecraft:white_banner":1,"botania:yellow_mushroom":3,"chococraft:gysahl_green":5,"minecraft:stone_bricks":4,"minecraft:spore_blossom":1,"minecraft:iron_ingot":1,"aquaculture:pollock":1,"minecraft:mossy_stone_brick_wall":2,"minecraft:book":3,"minecraft:pumpkin":1,"born_in_chaos_v1:ethereal_spirit":4,"waystones:mossy_waystone":1,"minecraft:gravel":1,"seadwellers:river_loot_crate":1,"minecraft:amethyst_shard":12,"chococraft:gysahl_green_seeds":2,"minecraft:spruce_sapling":6,"botania:lime_mushroom":1,"minecraft:white_bed":3,"minecraft:spruce_log":15,"minecraft:slime_ball":1,"botania:orange_mystical_flower":2,"botania:brown_mystical_flower":2,"minecraft:coal":79},"minecraft:custom":{"minecraft:blood":0,"lootr:looted_stat":127,"minecraft:interact_with_crafting_table":21,"minecraft:open_barrel":31,"minecraft:leave_game":4,"minecraft:time_since_death":159532,"minecraft:damage_resisted":0,"minecraft:sprint_one_cm":284157,"minecraft:drop":91,"minecraft:health":437,"minecraft:talked_to_villager":3,"minecraft:play_time":411053,"minecraft:deaths":6,"minecraft:jump":2145,"minecraft:interact_with_brewingstand":1,"minecraft:energy":184,"minecraft:walk_on_water_one_cm":32797,"minecraft:interact_with_furnace":4,"minecraft:traded_with_villager":3,"minecraft:sleep_in_bed":6,"minecraft:levels_gained":14,"minecraft:damage_dealt":2954,"minecraft:crouch_one_cm":4620,"waystones:waystone_activated":5,"minecraft:interact_with_smoker":3,"minecraft:interact_with_smithing_table":1,"minecraft:mob_kills":108,"minecraft:damage_dealt_resisted":57,"minecraft:climb_one_cm":25948,"minecraft:mana":184,"minecraft:magic_shield":15,"minecraft:walk_one_cm":1551899,"minecraft:sneak_time":3323,"minecraft:walk_under_water_one_cm":55780,"minecraft:boat_one_cm":505568,"minecraft:interact_with_lectern":2,"minecraft:interact_with_blast_furnace":1,"minecraft:total_world_time":411053,"minecraft:tune_noteblock":6,"minecraft:interact_with_grindstone":2,"minecraft:time_since_rest":135719,"minecraft:damage_taken":6722,"minecraft:damage_absorbed":847,"minecraft:swim_one_cm":53977,"minecraft:fly_one_cm":104757,"minecraft:open_chest":11,"minecraft:fall_one_cm":30137}},"DataVersion":3465}