{"stats":{"minecraft:broken":{"minecraft:iron_shovel":8,"minecraft:stone_pickaxe":1,"cte_essentials:plate_0_chestplate":1,"cte_essentials:leather_1_helmet":1,"minecraft:iron_axe":1,"minecraft:iron_pickaxe":1,"cte_essentials:plate_0_boots":1},"minecraft:used":{"minecraft:iron_shovel":2027,"roe_weapons:greatsword_0":24,"roe_weapons:greatsword_2":192,"minecraft:ladder":3,"minecraft:decorated_pot":1,"minecraft:chest":1,"roe_weapons:dagger_1":11,"biomeswevegone:rose_petal_block":1,"minecraft:stone_bricks":17,"minecraft:repeater":4,"roe_weapons:sword_2":176,"biomeswevegone:florus_crafting_table":2,"minecraft:spruce_door":1,"minecraft:stone_pickaxe":132,"minecraft:oak_planks":47,"botania:orange_mystical_flower":1,"minecraft:white_wool":10,"minecraft:sand":7,"biomeswevegone:florus_planks":6,"minecraft:bread":18,"minecraft:gravel":5,"biomeswevegone:ebony_crafting_table":2,"minecraft:oak_boat":8,"minecraft:experience_bottle":12,"minecraft:iron_bars":1,"minecraft:flint_and_steel":4,"minecraft:stone_shovel":96,"minecraft:redstone":12,"minecraft:spruce_planks":49,"minecraft:oak_door":3,"roe_weapons:kunai_1":2,"minecraft:torch":47,"minecraft:dirt":36,"minecraft:spyglass":44,"minecraft:spruce_stairs":1,"minecraft:stone_brick_slab":1,"minecraft:iron_axe":400,"minecraft:barrel":2,"biomeswevegone:lush_dirt":1,"biomeswevegone:orange_daisy":1,"blue_skies:moonstone":1,"minecraft:cracked_stone_bricks":1,"minecraft:oak_slab":2,"minecraft:crafting_table":7,"minecraft:red_bed":1,"minecraft:white_bed":7,"biomeswevegone:ebony_planks":16,"minecraft:iron_pickaxe":269,"minecraft:stone_axe":110,"minecraft:fishing_rod":3,"minecraft:cobblestone":154,"minecraft:potion":2,"minecraft:pumpkin_pie":2},"minecraft:killed_by":{"minecraft:silverfish":9,"minecraft:zombie":2,"monsterplus:overgrown_skeleton":1},"minecraft:killed":{"minecraft:witch":1,"minecraft:spider":5,"illagerinvasion:basher":2,"minecraft:skeleton":6,"monsterplus:glow_skeleton":2,"minecraft:silverfish":54,"crabbersdelight:crab":1,"alexsmobs:skelewag":1,"minecraft:tropical_fish":5,"born_in_chaos_v1:zombie_fisherman":1,"minecraft:pillager":7,"minecraft:zombie":11,"born_in_chaos_v1:dread_hound":1,"born_in_chaos_v1:corpse_fly":2,"minecraft:stray":1,"alexsmobs:fly":2,"alexsmobs:raccoon":1,"minecraft:vindicator":2,"illagerinvasion:marauder":1,"born_in_chaos_v1:maggot":11,"born_in_chaos_v1:baby_spider":2,"minecraft:drowned":3,"alexsmobs:flying_fish":1,"born_in_chaos_v1:barrel_zombie":1,"born_in_chaos_v1:baby_skeleton":1,"creeperoverhaul:spruce_creeper":2,"born_in_chaos_v1:decrepit_skeleton":2,"monsterplus:overgrown_skeleton":1},"minecraft:dropped":{"alexsmobs:shark_tooth_arrow":1,"outer_end:cobalt_crystal_arrow":1,"the_harvest:harvest_map":1,"projectvibrantjourneys:orange_bark_mushroom":13,"minecraft:dirt":3,"minecraft:snowball":240,"roe_weapons:crossbow_5":1,"projectvibrantjourneys:bark_mushroom":4,"roe_weapons:crossbow_1":1,"minecraft:gold_ingot":2,"minecraft:spyglass":1,"minecraft:wheat":9,"projectvibrantjourneys:light_brown_bark_mushroom":5,"supplementaries:ash":1,"minecraft:skeleton_skull":1,"doggytalents:rice_grains":1,"minecraft:arrow":111,"minecraft:wheat_seeds":1,"minecraft:feather":8,"minecraft:spectral_arrow":1,"minecraft:spruce_door":2,"minecraft:stick":27,"illagerinvasion:platinum_chunk":4,"cte_essentials:leather_1_leggings":1,"minecraft:lily_pad":1,"botania:lexicon":1,"minecraft:spruce_planks":4,"minecraft:oak_sapling":2},"minecraft:crafted":{"mmorpg:stone/1":24,"minecraft:oak_planks":47,"biomeswevegone:florus_crafting_table":1,"mmorpg:stone/2":7,"mmorpg:stone/3":1,"biomeswevegone:florus_planks":10,"minecraft:chest":1,"biomeswevegone:ebony_planks":23,"minecraft:crafting_table":7,"minecraft:spruce_planks":59,"minecraft:spruce_door":3,"minecraft:stick":32,"minecraft:iron_ingot":18,"minecraft:iron_block":9,"minecraft:gold_ingot":3,"biomeswevegone:ebony_crafting_table":1,"minecraft:oak_door":5,"minecraft:stone_shovel":1,"minecraft:iron_axe":2,"minecraft:stone_pickaxe":1,"sophisticatedbackpacks:iron_backpack":1,"minecraft:coal_block":4,"sophisticatedbackpacks:gold_backpack":1,"minecraft:stone_axe":1,"minecraft:air":283,"minecraft:oak_boat":3,"minecraft:iron_shovel":9,"minecraft:white_bed":3,"minecraft:acacia_planks":2,"minecraft:torch":54},"minecraft:mined":{"biomeswevegone:lush_dirt":1,"minecraft:white_bed":4,"blue_skies:moonstone":3,"minecraft:brewing_stand":1,"minecraft:cave_vines_plant":1,"minecraft:potted_dead_bush":1,"minecraft:acacia_log":3,"minecraft:grass_block":27,"biomeswevegone:skyris_log":64,"biomeswevegone:foxglove":4,"minecraft:chiseled_stone_bricks":2,"minecraft:tall_seagrass":4,"minecraft:barrel":1,"minecraft:iron_ore":9,"minecraft:fire":4,"minecraft:pumpkin":7,"biomeswevegone:orange_daisy":1,"minecraft:cave_vines":2,"minecraft:oak_stairs":1,"illagerinvasion:magic_fire":10,"botania:light_blue_mystical_flower":4,"botania:orange_mystical_flower":1,"biomeswevegone:silver_maple_leaves":7,"minecraft:red_bed":1,"minecraft:powder_snow":95,"minecraft:torch":1,"biomeswevegone:peat":1,"projectvibrantjourneys:twigs":1,"minecraft:calcite":4,"minecraft:melon":1,"minecraft:cobblestone":16,"minecraft:oak_planks":5,"minecraft:wall_torch":1,"minecraft:skeleton_skull":5,"minecraft:seagrass":3,"minecraft:repeater":26,"minecraft:stone_brick_stairs":2,"minecraft:wither_rose":1,"minecraft:smooth_stone_slab":3,"minecraft:grass":9,"minecraft:oak_log":23,"projectvibrantjourneys:short_grass":44,"minecraft:dirt":125,"minecraft:sand":11,"minecraft:oak_leaves":47,"minecraft:suspicious_gravel":1,"minecraft:yellow_terracotta":2,"minecraft:ladder":3,"minecraft:decorated_pot":1,"minecraft:redstone_wire":26,"minecraft:spruce_leaves":15,"minecraft:moss_block":20,"projectvibrantjourneys:watergrass":1,"minecraft:large_fern":9,"minecraft:snow":547,"biomeswevegone:rose_petal_block":1,"minecraft:andesite":1,"minecraft:green_terracotta":3,"minecraft:stripped_spruce_log":8,"minecraft:mossy_stone_brick_stairs":1,"minecraft:bookshelf":20,"biomeswevegone:ebony_log":8,"minecraft:vine":2,"minecraft:stone":227,"minecraft:bone_block":31,"minecraft:white_wool":12,"minecraft:oak_slab":6,"minecraft:snow_block":1274,"minecraft:stone_brick_slab":1,"minecraft:tall_grass":1,"minecraft:deepslate_coal_ore":2,"minecraft:lily_pad":2,"minecraft:spruce_stairs":1,"biomeswevegone:florus_stem":7,"minecraft:coarse_dirt":3,"betterarcheology:loot_vase_creeper":6,"minecraft:spruce_log":288,"biomeswevegone:ebony_crafting_table":2,"biomeswevegone:florus_crafting_table":1,"minecraft:coal_ore":38,"minecraft:gravel":18,"minecraft:cobweb":23,"minecraft:cracked_stone_bricks":3,"minecraft:stone_bricks":32,"minecraft:mossy_stone_bricks":4,"minecraft:fern":2},"minecraft:picked_up":{"born_in_chaos_v1:charmof_stealth":1,"minecraft:wheat":18,"illagerinvasion:platinum_chunk":9,"roe_weapons:crossbow_1":1,"biomeswevegone:orange_daisy":1,"minecraft:potion":1,"minecraft:stone_brick_stairs":2,"minecraft:brewing_stand":1,"biomeswevegone:skyris_vine":42,"minecraft:string":25,"minecraft:smooth_stone_slab":3,"minecraft:gold_nugget":13,"minecraft:spruce_planks":2,"minecraft:calcite":1,"minecraft:melon_slice":6,"botania:lexicon":1,"minecraft:stick":50,"born_in_chaos_v1:shattered_skull":1,"mmorpg:currency/upgrade_common_affix":1,"minecraft:torch":2,"alexsmobs:shark_tooth_arrow":1,"minecraft:acacia_log":2,"minecraft:spruce_stairs":1,"born_in_chaos_v1:pileof_dark_metal":1,"mmorpg:jewelry/necklace/iron":2,"minecraft:green_terracotta":2,"minecraft:rotten_flesh":22,"biomeswevegone:florus_stem":7,"minecraft:tropical_fish":4,"supplementaries:ash":2,"minecraft:cod":1,"minecraft:snowball":248,"minecraft:cobblestone":238,"biomeswevegone:lush_dirt":1,"minecraft:repeater":30,"minecraft:andesite":1,"cte_essentials:leather_0_helmet":1,"mmorpg:gems/azurite/0":1,"biomeswevegone:peat":1,"minecraft:flint":2,"minecraft:lapis_lazuli":24,"minecraft:dirt":117,"lootr:trophy":1,"born_in_chaos_v1:monster_skin":1,"minecraft:leather_boots":1,"minecraft:bone":13,"minecraft:wheat_seeds":3,"minecraft:mossy_stone_bricks":3,"minecraft:moss_block":19,"minecraft:oak_planks":5,"minecraft:mossy_stone_brick_stairs":2,"cte_essentials:plate_0_chestplate":1,"minecraft:glow_lichen":1,"crabbersdelight:crab":1,"betterarcheology:artifact_shards":2,"minecraft:sand":11,"minecraft:stripped_spruce_log":7,"roe_weapons:axe_0":1,"minecraft:dead_bush":1,"minecraft:spectral_arrow":1,"minecraft:barrel":1,"biomeswevegone:ebony_log":8,"minecraft:diamond":1,"minecraft:soul_lantern":1,"minecraft:crossbow":1,"minecraft:emerald":6,"alexsmobs:maggot":2,"minecraft:oak_sapling":3,"born_in_chaos_v1:rotten_fish":4,"roe_weapons:totem_1":1,"minecraft:crimson_roots":1,"minecraft:ladder":4,"minecraft:clay_ball":6,"minecraft:leather_leggings":3,"blue_skies:blue_journal":1,"minecraft:gold_block":1,"cte_essentials:cloth_0_leggings":1,"minecraft:red_bed":1,"minecraft:moss_carpet":4,"minecraft:cracked_stone_bricks":2,"roe_weapons:shield_1":1,"minecraft:oak_boat":6,"born_in_chaos_v1:gnawed_bones":1,"minecraft:iron_nugget":16,"mmorpg:skill_gems/support/dex":1,"minecraft:raw_iron":9,"outer_end:cobalt_crystal_arrow":1,"cte_essentials:cloth_0_chestplate":1,"projectvibrantjourneys:bark_mushroom":6,"biomeswevegone:rose_petal_block":1,"biomeswevegone:florus_crafting_table":1,"biomeswevegone:skyris_log":64,"born_in_chaos_v1:pieceofdarkmetal":5,"minecraft:carrot":6,"born_in_chaos_v1:charmof_endurance":1,"minecraft:redstone":26,"roe_weapons:gauntlet_0":1,"the_harvest:harvest_map":1,"roe_weapons:dagger_0":1,"minecraft:arrow":27,"minecraft:decorated_pot":1,"minecraft:yellow_terracotta":2,"minecraft:glow_berries":6,"minecraft:white_wool":9,"minecraft:skeleton_skull":5,"seadwellers:cavern_loot_crate":3,"minecraft:bone_block":31,"born_in_chaos_v1:corpse_maggot":8,"minecraft:air":0,"minecraft:glow_ink_sac":2,"doggytalents:rice_grains":1,"blue_skies:moonstone":3,"minecraft:oak_log":23,"minecraft:waxed_copper_block":5,"minecraft:lily_pad":36,"minecraft:gunpowder":2,"biomeswevegone:ebony_crafting_table":2,"minecraft:stone_bricks":28,"minecraft:kelp":3,"lightmanscurrency:coin_iron":1,"minecraft:book":60,"projectvibrantjourneys:light_brown_bark_mushroom":5,"minecraft:oak_slab":8,"minecraft:pumpkin":14,"minecraft:chiseled_stone_bricks":2,"minecraft:stone_brick_slab":1,"born_in_chaos_v1:ethereal_spirit":3,"minecraft:spyglass":1,"minecraft:gravel":11,"seadwellers:river_loot_crate":1,"minecraft:spruce_sapling":29,"minecraft:white_bed":4,"minecraft:spruce_log":223,"minecraft:spider_eye":1,"minecraft:spruce_door":1,"minecraft:leather_helmet":1,"lightmanscurrency:coin_copper":4,"minecraft:iron_helmet":1,"botania:orange_mystical_flower":1,"biomeswevegone:foxglove":4,"projectvibrantjourneys:orange_bark_mushroom":13,"minecraft:coal":44},"minecraft:custom":{"minecraft:blood":0,"lootr:looted_stat":106,"minecraft:interact_with_crafting_table":40,"minecraft:open_barrel":50,"minecraft:leave_game":4,"minecraft:time_since_death":165986,"minecraft:damage_resisted":0,"minecraft:sprint_one_cm":492069,"minecraft:drop":54,"minecraft:health":402,"minecraft:play_time":380053,"minecraft:deaths":12,"minecraft:jump":2368,"minecraft:energy":172,"minecraft:walk_on_water_one_cm":35460,"minecraft:interact_with_furnace":1,"minecraft:sleep_in_bed":11,"minecraft:levels_gained":13,"minecraft:damage_dealt":13808,"minecraft:crouch_one_cm":16965,"waystones:waystone_activated":6,"minecraft:mob_kills":132,"minecraft:damage_dealt_resisted":0,"minecraft:climb_one_cm":30519,"minecraft:mana":172,"minecraft:magic_shield":94,"minecraft:walk_one_cm":921591,"minecraft:sneak_time":7173,"minecraft:walk_under_water_one_cm":62023,"minecraft:boat_one_cm":652938,"minecraft:total_world_time":380053,"minecraft:tune_noteblock":9,"minecraft:time_since_rest":22540,"minecraft:damage_taken":7689,"minecraft:damage_absorbed":576,"minecraft:swim_one_cm":46398,"minecraft:fly_one_cm":214792,"minecraft:open_chest":6,"minecraft:fall_one_cm":42413}},"DataVersion":3465}