{"stats":{"minecraft:used":{"minecraft:iron_bars":1,"minecraft:flint_and_steel":4,"roe_weapons:greatsword_2":184,"minecraft:stone_shovel":96,"minecraft:redstone":12,"minecraft:ladder":3,"minecraft:decorated_pot":1,"minecraft:chest":1,"minecraft:spruce_planks":49,"roe_weapons:dagger_1":11,"minecraft:oak_door":3,"roe_weapons:kunai_1":2,"minecraft:torch":25,"minecraft:dirt":36,"minecraft:spyglass":39,"minecraft:spruce_stairs":1,"biomeswevegone:rose_petal_block":1,"minecraft:stone_brick_slab":1,"minecraft:iron_axe":5,"minecraft:stone_bricks":17,"minecraft:barrel":2,"minecraft:repeater":4,"roe_weapons:sword_2":176,"biomeswevegone:lush_dirt":1,"biomeswevegone:florus_crafting_table":2,"biomeswevegone:orange_daisy":1,"blue_skies:moonstone":1,"minecraft:spruce_door":1,"minecraft:stone_pickaxe":132,"minecraft:oak_planks":47,"botania:orange_mystical_flower":1,"minecraft:cracked_stone_bricks":1,"minecraft:white_wool":10,"minecraft:sand":4,"minecraft:oak_slab":2,"minecraft:crafting_table":3,"minecraft:red_bed":1,"minecraft:white_bed":7,"biomeswevegone:florus_planks":6,"biomeswevegone:ebony_planks":16,"minecraft:bread":9,"minecraft:iron_pickaxe":42,"minecraft:gravel":5,"minecraft:stone_axe":110,"biomeswevegone:ebony_crafting_table":2,"minecraft:fishing_rod":3,"minecraft:cobblestone":21,"minecraft:potion":2,"minecraft:pumpkin_pie":2,"minecraft:oak_boat":8,"minecraft:experience_bottle":11},"minecraft:broken":{"minecraft:stone_pickaxe":1,"cte_essentials:plate_0_chestplate":1,"cte_essentials:plate_0_boots":1},"minecraft:dropped":{"alexsmobs:shark_tooth_arrow":1,"minecraft:wheat_seeds":1,"outer_end:cobalt_crystal_arrow":1,"minecraft:feather":8,"the_harvest:harvest_map":1,"minecraft:spectral_arrow":1,"minecraft:spruce_door":2,"projectvibrantjourneys:orange_bark_mushroom":1,"minecraft:stick":6,"illagerinvasion:platinum_chunk":4,"cte_essentials:leather_1_leggings":1,"roe_weapons:crossbow_5":1,"minecraft:lily_pad":1,"minecraft:gold_ingot":2,"roe_weapons:crossbow_1":1,"minecraft:spyglass":1,"supplementaries:ash":1,"botania:lexicon":1,"minecraft:skeleton_skull":1,"minecraft:oak_sapling":2,"doggytalents:rice_grains":1,"minecraft:arrow":111},"minecraft:killed_by":{"minecraft:silverfish":9,"monsterplus:overgrown_skeleton":1,"minecraft:zombie":2},"minecraft:killed":{"minecraft:witch":1,"alexsmobs:raccoon":1,"minecraft:spider":5,"minecraft:vindicator":2,"illagerinvasion:marauder":1,"illagerinvasion:basher":2,"born_in_chaos_v1:maggot":8,"born_in_chaos_v1:baby_spider":2,"minecraft:skeleton":6,"monsterplus:glow_skeleton":2,"minecraft:silverfish":54,"minecraft:drowned":3,"alexsmobs:skelewag":1,"crabbersdelight:crab":1,"alexsmobs:flying_fish":1,"born_in_chaos_v1:barrel_zombie":1,"born_in_chaos_v1:baby_skeleton":1,"creeperoverhaul:spruce_creeper":2,"born_in_chaos_v1:decrepit_skeleton":2,"minecraft:pillager":6,"born_in_chaos_v1:zombie_fisherman":1,"minecraft:zombie":8,"born_in_chaos_v1:dread_hound":1,"born_in_chaos_v1:corpse_fly":2,"minecraft:stray":1,"alexsmobs:fly":1},"minecraft:custom":{"minecraft:blood":0,"lootr:looted_stat":95,"minecraft:mob_kills":118,"minecraft:interact_with_crafting_table":27,"minecraft:open_barrel":50,"minecraft:damage_dealt_resisted":0,"minecraft:leave_game":4,"minecraft:time_since_death":80237,"minecraft:climb_one_cm":30519,"minecraft:damage_resisted":0,"minecraft:mana":172,"minecraft:magic_shield":94,"minecraft:sprint_one_cm":400644,"minecraft:walk_one_cm":687874,"minecraft:drop":27,"minecraft:health":330,"minecraft:play_time":294304,"minecraft:deaths":12,"minecraft:sneak_time":6423,"minecraft:walk_under_water_one_cm":38181,"minecraft:boat_one_cm":652938,"minecraft:jump":1740,"minecraft:energy":172,"minecraft:walk_on_water_one_cm":27972,"minecraft:total_world_time":294304,"minecraft:interact_with_furnace":1,"minecraft:tune_noteblock":9,"minecraft:sleep_in_bed":8,"minecraft:levels_gained":13,"minecraft:time_since_rest":3558,"minecraft:damage_taken":7360,"minecraft:damage_absorbed":476,"minecraft:damage_dealt":12245,"minecraft:fly_one_cm":172547,"minecraft:swim_one_cm":32858,"minecraft:open_chest":6,"minecraft:crouch_one_cm":15899,"waystones:waystone_activated":4,"minecraft:fall_one_cm":33287},"minecraft:crafted":{"mmorpg:stone/1":20,"minecraft:oak_door":5,"minecraft:oak_planks":47,"biomeswevegone:florus_crafting_table":1,"minecraft:stone_shovel":1,"mmorpg:stone/3":1,"mmorpg:stone/2":5,"biomeswevegone:florus_planks":10,"minecraft:iron_axe":2,"minecraft:stone_pickaxe":1,"minecraft:chest":1,"sophisticatedbackpacks:iron_backpack":1,"minecraft:coal_block":4,"biomeswevegone:ebony_planks":23,"minecraft:crafting_table":3,"minecraft:spruce_planks":28,"minecraft:spruce_door":3,"sophisticatedbackpacks:gold_backpack":1,"minecraft:stone_axe":1,"minecraft:air":266,"minecraft:oak_boat":3,"minecraft:iron_block":9,"minecraft:stick":28,"minecraft:iron_ingot":9,"minecraft:gold_ingot":3,"minecraft:white_bed":3,"biomeswevegone:ebony_crafting_table":1,"minecraft:acacia_planks":2,"minecraft:torch":54},"minecraft:picked_up":{"born_in_chaos_v1:charmof_stealth":1,"illagerinvasion:platinum_chunk":9,"minecraft:ladder":4,"blue_skies:blue_journal":1,"minecraft:leather_leggings":3,"roe_weapons:crossbow_1":1,"biomeswevegone:orange_daisy":1,"minecraft:gold_block":1,"minecraft:potion":1,"minecraft:stone_brick_stairs":2,"minecraft:brewing_stand":1,"minecraft:moss_carpet":4,"cte_essentials:cloth_0_leggings":1,"minecraft:string":25,"minecraft:red_bed":1,"minecraft:smooth_stone_slab":3,"minecraft:cracked_stone_bricks":2,"minecraft:gold_nugget":7,"roe_weapons:shield_1":1,"minecraft:oak_boat":6,"born_in_chaos_v1:gnawed_bones":1,"minecraft:calcite":1,"minecraft:iron_nugget":12,"minecraft:melon_slice":6,"outer_end:cobalt_crystal_arrow":1,"minecraft:stick":3,"botania:lexicon":1,"mmorpg:skill_gems/support/dex":1,"minecraft:raw_iron":4,"born_in_chaos_v1:shattered_skull":1,"cte_essentials:cloth_0_chestplate":1,"biomeswevegone:rose_petal_block":1,"projectvibrantjourneys:bark_mushroom":2,"alexsmobs:shark_tooth_arrow":1,"minecraft:torch":1,"mmorpg:currency/upgrade_common_affix":1,"minecraft:acacia_log":2,"minecraft:spruce_stairs":1,"born_in_chaos_v1:pileof_dark_metal":1,"biomeswevegone:florus_crafting_table":1,"mmorpg:jewelry/necklace/iron":2,"minecraft:carrot":6,"born_in_chaos_v1:pieceofdarkmetal":5,"born_in_chaos_v1:charmof_endurance":1,"minecraft:redstone":26,"roe_weapons:gauntlet_0":1,"minecraft:green_terracotta":2,"the_harvest:harvest_map":1,"roe_weapons:dagger_0":1,"minecraft:arrow":27,"minecraft:rotten_flesh":18,"biomeswevegone:florus_stem":7,"minecraft:decorated_pot":1,"minecraft:yellow_terracotta":2,"supplementaries:ash":2,"minecraft:glow_berries":2,"minecraft:bone_block":31,"minecraft:cod":1,"minecraft:cobblestone":31,"minecraft:skeleton_skull":5,"minecraft:white_wool":9,"born_in_chaos_v1:corpse_maggot":6,"biomeswevegone:lush_dirt":1,"minecraft:air":0,"minecraft:repeater":30,"minecraft:glow_ink_sac":1,"minecraft:andesite":1,"cte_essentials:leather_0_helmet":1,"mmorpg:gems/azurite/0":1,"doggytalents:rice_grains":1,"blue_skies:moonstone":3,"biomeswevegone:peat":1,"minecraft:flint":2,"minecraft:oak_log":23,"minecraft:lily_pad":35,"minecraft:waxed_copper_block":5,"minecraft:gunpowder":2,"minecraft:lapis_lazuli":9,"minecraft:dirt":44,"born_in_chaos_v1:monster_skin":1,"minecraft:leather_boots":1,"minecraft:bone":12,"biomeswevegone:ebony_crafting_table":2,"minecraft:stone_bricks":28,"minecraft:kelp":3,"minecraft:wheat_seeds":3,"minecraft:mossy_stone_bricks":3,"lightmanscurrency:coin_iron":1,"minecraft:mossy_stone_brick_stairs":2,"minecraft:oak_planks":5,"minecraft:book":60,"cte_essentials:plate_0_chestplate":1,"minecraft:oak_slab":8,"minecraft:pumpkin":14,"minecraft:chiseled_stone_bricks":2,"crabbersdelight:crab":1,"minecraft:stone_brick_slab":1,"born_in_chaos_v1:ethereal_spirit":3,"betterarcheology:artifact_shards":1,"minecraft:spyglass":1,"minecraft:gravel":11,"minecraft:sand":8,"minecraft:stripped_spruce_log":7,"roe_weapons:axe_0":1,"minecraft:spruce_door":1,"minecraft:dead_bush":1,"minecraft:white_bed":4,"minecraft:spruce_log":13,"minecraft:spectral_arrow":1,"minecraft:barrel":1,"minecraft:spider_eye":1,"minecraft:leather_helmet":1,"biomeswevegone:ebony_log":8,"lightmanscurrency:coin_copper":4,"minecraft:soul_lantern":1,"botania:orange_mystical_flower":1,"minecraft:iron_helmet":1,"minecraft:emerald":6,"born_in_chaos_v1:rotten_fish":4,"alexsmobs:maggot":2,"projectvibrantjourneys:orange_bark_mushroom":1,"minecraft:oak_sapling":3,"roe_weapons:totem_1":1,"minecraft:coal":41,"minecraft:crimson_roots":1},"minecraft:mined":{"minecraft:yellow_terracotta":2,"biomeswevegone:lush_dirt":1,"minecraft:white_bed":4,"blue_skies:moonstone":3,"minecraft:brewing_stand":1,"minecraft:ladder":3,"minecraft:potted_dead_bush":1,"minecraft:acacia_log":3,"minecraft:grass_block":9,"minecraft:decorated_pot":1,"minecraft:redstone_wire":26,"minecraft:spruce_leaves":10,"projectvibrantjourneys:watergrass":1,"minecraft:chiseled_stone_bricks":2,"minecraft:tall_seagrass":4,"minecraft:fire":4,"minecraft:iron_ore":4,"minecraft:barrel":1,"biomeswevegone:rose_petal_block":1,"minecraft:green_terracotta":3,"minecraft:andesite":1,"minecraft:stripped_spruce_log":8,"minecraft:pumpkin":7,"minecraft:mossy_stone_brick_stairs":1,"biomeswevegone:orange_daisy":1,"minecraft:bookshelf":20,"biomeswevegone:ebony_log":8,"minecraft:vine":2,"minecraft:oak_stairs":1,"illagerinvasion:magic_fire":10,"minecraft:stone":13,"minecraft:bone_block":31,"botania:light_blue_mystical_flower":4,"minecraft:white_wool":12,"minecraft:oak_slab":6,"botania:orange_mystical_flower":1,"biomeswevegone:silver_maple_leaves":7,"minecraft:red_bed":1,"minecraft:stone_brick_slab":1,"minecraft:torch":1,"biomeswevegone:peat":1,"projectvibrantjourneys:twigs":1,"minecraft:calcite":4,"minecraft:melon":1,"minecraft:tall_grass":1,"minecraft:cobblestone":15,"minecraft:lily_pad":1,"minecraft:oak_planks":5,"minecraft:skeleton_skull":5,"minecraft:spruce_stairs":1,"minecraft:seagrass":3,"biomeswevegone:florus_stem":7,"minecraft:repeater":26,"minecraft:coarse_dirt":3,"betterarcheology:loot_vase_creeper":3,"minecraft:wither_rose":1,"minecraft:spruce_log":18,"biomeswevegone:ebony_crafting_table":2,"minecraft:stone_brick_stairs":2,"minecraft:smooth_stone_slab":3,"minecraft:grass":4,"biomeswevegone:florus_crafting_table":1,"minecraft:coal_ore":37,"minecraft:oak_log":23,"projectvibrantjourneys:short_grass":4,"minecraft:gravel":18,"minecraft:sand":8,"minecraft:dirt":56,"minecraft:cobweb":23,"minecraft:cracked_stone_bricks":3,"minecraft:stone_bricks":32,"minecraft:mossy_stone_bricks":4,"minecraft:oak_leaves":47,"minecraft:fern":2,"minecraft:suspicious_gravel":1}},"DataVersion":3465}