{"stats":{"minecraft:used":{"minecraft:spruce_planks":4,"minecraft:torch":14,"minecraft:dirt":69,"minecraft:spyglass":6,"biomeswevegone:florus_boat":1,"roe_weapons:bow_2":4,"biomeswevegone:zelkova_crafting_table":1,"biomeswevegone:florus_crafting_table":1,"minecraft:stone_pickaxe":131,"biomeswevegone:zelkova_boat":1,"minecraft:crafting_table":2,"minecraft:white_bed":1,"minecraft:bread":13,"minecraft:fishing_rod":15,"minecraft:birch_log":1,"minecraft:pumpkin_pie":1,"roe_weapons:crossbow_1":14,"roe_weapons:crossbow_5":58},"minecraft:broken":{"minecraft:leather_helmet":1,"minecraft:leather_chestplate":1,"minecraft:stone_pickaxe":1,"cte_essentials:plate_0_chestplate":1,"cte_essentials:plate_0_boots":1},"minecraft:killed_by":{"minecraft:creeper":1,"born_in_chaos_v1:corpse_fly":1,"minecraft:drowned":2,"minecraft:silverfish":5,"minecraft:zombie":3,"born_in_chaos_v1:corpse_fish":1,"minecraft:illusioner":1},"minecraft:killed":{"born_in_chaos_v1:zombie_lumberjack":3,"born_in_chaos_v1:restless_spirit":3,"born_in_chaos_v1:skeleton_demoman":1,"minecraft:vindicator":2,"minecraft:spider":4,"illagerinvasion:marauder":1,"alexsmobs:seagull":1,"born_in_chaos_v1:siamese_skeletonsright":1,"born_in_chaos_v1:zombie_bruiser":2,"born_in_chaos_v1:baby_skeleton_minion":2,"born_in_chaos_v1:maggot":8,"minecraft:skeleton":29,"monsterplus:glow_skeleton":1,"alexsmobs:blue_jay":1,"minecraft:chicken":2,"minecraft:silverfish":139,"born_in_chaos_v1:corpse_fish":16,"minecraft:drowned":12,"minecraft:illusioner":1,"alexsmobs:skelewag":2,"crabbersdelight:crab":6,"born_in_chaos_v1:firelight_not_despawn":1,"born_in_chaos_v1:barrel_zombie":1,"born_in_chaos_v1:bonescaller":3,"alexsmobs:grizzly_bear":1,"born_in_chaos_v1:baby_skeleton":4,"born_in_chaos_v1:swarmer":4,"creeperoverhaul:spruce_creeper":1,"alexsmobs:seal":4,"seadwellers:mermorph_cavern":1,"minecraft:creeper":3,"born_in_chaos_v1:decrepit_skeleton":5,"born_in_chaos_v1:phantom_creeper_copy":1,"minecraft:pillager":27,"born_in_chaos_v1:zombie_fisherman":1,"minecraft:zombie":23,"born_in_chaos_v1:corpse_fly":23,"minecraft:stray":1,"alexsmobs:fly":3,"monsterplus:overgrown_skeleton":2,"born_in_chaos_v1:siamese_skeletonsleft":1,"minecraft:cow":1},"minecraft:dropped":{"minecraft:birch_planks":6,"roe_weapons:dagger_1":1,"roe_weapons:totem_0":1,"mmorpg:stone/0":20,"minecraft:diamond":1,"mmorpg:skill_gems/support/dex":4,"mmorpg:runes/ita":2,"minecraft:cobblestone":1,"the_harvest:harvest_map":1,"minecraft:book":1,"roe_weapons:shield_1":1,"mmorpg:jewel/int":1,"mmorpg:stone/1":3,"mmorpg:gems/tourmaline/0":1,"cte_essentials:cloth_1_boots":1,"mmorpg:skill_gems/support/int":1,"minecraft:stick":2,"mmorpg:currency/affix_common_reroll":1,"mmorpg:runes/toq":1,"mmorpg:potion/health/1":1,"minecraft:coast_armor_trim_smithing_template":2,"minecraft:diamond_helmet":1,"mmorpg:currency/extract_rune":1,"roe_weapons:spear_1":2,"minecraft:fishing_rod":1,"seadwellers:river_loot_crate":1,"minecraft:gold_ingot":2,"cte_essentials:plate_0_helmet":1,"roe_weapons:crossbow_1":1,"cte_essentials:leather_1_helmet":1,"ancient_obelisks:obelisk_map":3,"roe_weapons:bow_0":1,"roe_weapons:sword_0":1,"mmorpg:currency/sharpening_stone_0":3,"mmorpg:currency/sharpening_stone_1":1,"mmorpg:runes/xer":1,"roe_weapons:greatsword_2":1,"roe_weapons:greatsword_0":1,"mmorpg:potion/resource/0":1,"betterarcheology:torrent_totem":1,"roe_weapons:crossbow_2":1,"supplementaries:quiver":1,"mmorpg:currency/orb_of_quality":2,"roe_weapons:axe_0":1,"roe_weapons:gauntlet_0":1,"minecraft:diamond_chestplate":1,"mmorpg:currency/affix_number_reroll":2,"cte_essentials:cloth_0_boots":1,"lightmanscurrency:coin_iron":16,"minecraft:stone_pickaxe":2,"mmorpg:stone/2":2,"mmorpg:runes/har":1},"minecraft:crafted":{"mmorpg:stone/1":7,"biomeswevegone:florus_crafting_table":1,"mmorpg:soul_extractor/rare":2,"biomeswevegone:florus_planks":6,"biomeswevegone:zelkova_boat":1,"minecraft:glass":3,"biomeswevegone:zelkova_crafting_table":1,"minecraft:stone_pickaxe":1,"sophisticatedbackpacks:iron_backpack":1,"biomeswevegone:florus_boat":1,"minecraft:glass_bottle":3,"blue_skies:blue_journal":1,"minecraft:crafting_table":2,"sophisticatedbackpacks:gold_backpack":1,"minecraft:birch_planks":20,"minecraft:air":37,"minecraft:charcoal":2,"minecraft:stick":4,"biomeswevegone:zelkova_planks":3,"minecraft:white_bed":1,"minecraft:torch":2},"minecraft:mined":{"minecraft:spruce_planks":5,"minecraft:grass_block":1,"minecraft:spruce_leaves":5,"minecraft:hay_block":8,"minecraft:iron_ore":4,"biomeswevegone:fairy_slipper":1,"illagerinvasion:magic_fire":21,"minecraft:stone":110,"minecraft:white_wool":3,"minecraft:stone_brick_slab":2,"minecraft:powder_snow":1,"minecraft:clay":6,"biomeswevegone:zelkova_log":3,"minecraft:spruce_stairs":1,"biomeswevegone:florus_stem":3,"minecraft:birch_log":7,"minecraft:birch_leaves":1,"minecraft:stone_brick_stairs":1,"minecraft:grass":6,"projectvibrantjourneys:short_grass":4,"minecraft:sand":3,"minecraft:dirt":3,"minecraft:stone_bricks":8,"minecraft:spruce_fence_gate":2},"minecraft:picked_up":{"minecraft:fishing_rod":1,"minecraft:clay_ball":24,"illagerinvasion:platinum_chunk":8,"minecraft:chicken":2,"born_in_chaos_v1:river_mint":1,"born_in_chaos_v1:seedof_chaos":2,"blue_skies:blue_journal":1,"minecraft:oak_stairs":1,"minecraft:stone_brick_stairs":1,"minecraft:string":11,"minecraft:cracked_stone_bricks":2,"minecraft:spruce_planks":4,"minecraft:mangrove_log":2,"minecraft:raw_iron":4,"minecraft:stick":6,"mmorpg:potion/health/1":1,"ancient_obelisks:obelisk_map":3,"minecraft:copper_ingot":3,"minecraft:torch":12,"minecraft:spruce_stairs":1,"minecraft:carrot":1,"minecraft:redstone":3,"the_harvest:harvest_map":1,"minecraft:arrow":93,"minecraft:diamond_chestplate":1,"minecraft:rotten_flesh":33,"biomeswevegone:florus_stem":3,"minecraft:tropical_fish":1,"minecraft:hay_block":10,"minecraft:gold_ingot":2,"supplementaries:quiver":1,"born_in_chaos_v1:fused_bone":2,"minecraft:cod":1,"minecraft:white_wool":3,"minecraft:cobblestone":117,"biomeswevegone:white_puffball_spores":1,"minecraft:nautilus_shell":1,"minecraft:birch_log":8,"betterarcheology:torrent_totem":1,"born_in_chaos_v1:corpse_maggot":21,"minecraft:leather_chestplate":1,"minecraft:air":0,"minecraft:feather":1,"minecraft:dark_oak_button":1,"minecraft:glow_ink_sac":1,"minecraft:salmon":1,"doggytalents:rice_grains":4,"minecraft:lily_pad":2,"minecraft:gunpowder":3,"minecraft:lapis_lazuli":1,"minecraft:dirt":69,"mmorpg:potion/resource/0":1,"biomeswevegone:clover_patch":2,"minecraft:lantern":1,"minecraft:white_banner":1,"minecraft:coast_armor_trim_smithing_template":2,"minecraft:bone":21,"minecraft:stone_bricks":13,"minecraft:wheat_seeds":1,"blue_skies:charscale_moki":1,"minecraft:iron_ingot":9,"minecraft:stone_pickaxe":2,"minecraft:diamond_helmet":1,"biomeswevegone:flower_patch":2,"minecraft:pumpkin":4,"alexsmobs:fish_bones":1,"crabbersdelight:crab":3,"minecraft:stone_brick_slab":2,"born_in_chaos_v1:ethereal_spirit":2,"seadwellers:river_loot_crate":2,"biomeswevegone:fairy_slipper":1,"minecraft:sand":3,"minecraft:spruce_sapling":4,"minecraft:spectral_arrow":1,"minecraft:spider_eye":2,"minecraft:leather_helmet":1,"minecraft:spruce_fence_gate":2,"minecraft:diamond":1,"minecraft:crossbow":1,"minecraft:bone_meal":3,"minecraft:emerald":11,"biomeswevegone:zelkova_log":3,"alexsmobs:maggot":1,"born_in_chaos_v1:rotten_fish":4,"minecraft:coal":1},"minecraft:custom":{"minecraft:blood":0,"lootr:looted_stat":95,"minecraft:mob_kills":362,"minecraft:interact_with_crafting_table":14,"minecraft:open_barrel":10,"minecraft:damage_dealt_resisted":111,"minecraft:leave_game":4,"minecraft:time_since_death":114780,"minecraft:climb_one_cm":24180,"minecraft:damage_resisted":0,"minecraft:mana":170,"minecraft:magic_shield":0,"minecraft:sprint_one_cm":462334,"minecraft:walk_one_cm":947852,"minecraft:drop":68,"minecraft:health":313,"minecraft:damage_dealt_absorbed":55,"minecraft:talked_to_villager":2,"minecraft:play_time":375423,"minecraft:deaths":16,"minecraft:sneak_time":3192,"minecraft:walk_under_water_one_cm":91793,"minecraft:boat_one_cm":367516,"minecraft:interact_with_lectern":1,"minecraft:jump":2504,"minecraft:energy":170,"minecraft:walk_on_water_one_cm":61521,"minecraft:total_world_time":375423,"minecraft:interact_with_furnace":4,"minecraft:traded_with_villager":1,"minecraft:sleep_in_bed":8,"minecraft:levels_gained":13,"minecraft:time_since_rest":9460,"minecraft:damage_taken":10207,"minecraft:damage_absorbed":1138,"minecraft:damage_dealt":354,"minecraft:swim_one_cm":64922,"minecraft:fly_one_cm":252148,"minecraft:crouch_one_cm":2611,"waystones:waystone_activated":5,"minecraft:fish_caught":1,"minecraft:fall_one_cm":48539,"minecraft:horse_one_cm":28255}},"DataVersion":3465}